"Address","Content Type","Status Code","Status","Indexability","Indexability Status","Hash","Length","Canonical Link Element 1","URL Encoded Address"
"https://takedapro.com.br/","text/html; charset=UTF-8","200","OK","Indexable","","6bd425a578549192cf346ad7830842c9","25","https://takedapro.com.br/","https://takedapro.com.br/"
"https://takedapro.com.br/themes/contrib/stable/css/system/components/resize.module.css?sseyxk","text/css","200","OK","Indexable","","","93","","https://takedapro.com.br/themes/contrib/stable/css/system/components/resize.module.css?sseyxk"
"https://takedapro.com.br/sites/default/files/2023-11/PIPELINE%20E%20PRODUTOS%20DA%20TAKEDA.png","image/png","200","OK","Indexable","","","94","","https://takedapro.com.br/sites/default/files/2023-11/PIPELINE%20E%20PRODUTOS%20DA%20TAKEDA.png"
"https://takedapro.com.br/themes/contrib/classy/css/components/details.css?sseyxk","text/css","200","OK","Indexable","","","80","","https://takedapro.com.br/themes/contrib/classy/css/components/details.css?sseyxk"
"https://takedapro.com.br/themes/custom/takedapro/assets/css/components.css?sseyxk","text/css","200","OK","Indexable","","","81","","https://takedapro.com.br/themes/custom/takedapro/assets/css/components.css?sseyxk"
"https://takedapro.com.br/modules/contrib/gutenberg/modules/example_block/css/style.css?sseyxk","text/css","200","OK","Indexable","","","93","","https://takedapro.com.br/modules/contrib/gutenberg/modules/example_block/css/style.css?sseyxk"
"https://takedapro.com.br/themes/contrib/stable/css/system/components/system-status-counter.css?sseyxk","text/css","200","OK","Indexable","","","101","","https://takedapro.com.br/themes/contrib/stable/css/system/components/system-status-counter.css?sseyxk"
"https://takedapro.com.br/sites/default/files/2022-12/rares-icon.png","image/png","200","OK","Indexable","","","67","","https://takedapro.com.br/sites/default/files/2022-12/rares-icon.png"
"https://takedapro.com.br/themes/contrib/stable/css/system/components/ajax-progress.module.css?sseyxk","text/css","200","OK","Indexable","","","100","","https://takedapro.com.br/themes/contrib/stable/css/system/components/ajax-progress.module.css?sseyxk"
"https://takedapro.com.br/themes/contrib/stable/css/system/components/align.module.css?sseyxk","text/css","200","OK","Indexable","","","92","","https://takedapro.com.br/themes/contrib/stable/css/system/components/align.module.css?sseyxk"
"https://www.takedapro.com.br/sites/default/files/2023-02/h-art-card-imuno__3.jpg","","301","Moved Permanently","Non-Indexable","Redirected","","80","","https://www.takedapro.com.br/sites/default/files/2023-02/h-art-card-imuno__3.jpg"
"https://www.takedapro.com.br/sites/default/files/2023-02/h-img-card-hemato__3.jpg","","301","Moved Permanently","Non-Indexable","Redirected","","81","","https://www.takedapro.com.br/sites/default/files/2023-02/h-img-card-hemato__3.jpg"
"https://www.takedapro.com.br/sites/default/files/2023-02/h-art-card-diff__3_0.jpg","","301","Moved Permanently","Non-Indexable","Redirected","","81","","https://www.takedapro.com.br/sites/default/files/2023-02/h-art-card-diff__3_0.jpg"
"https://takedapro.com.br/sites/default/files/2022-12/oncology-icon.png","image/png","200","OK","Indexable","","","70","","https://takedapro.com.br/sites/default/files/2022-12/oncology-icon.png"
"https://takedapro.com.br/themes/contrib/stable/css/system/components/hidden.module.css?sseyxk","text/css","200","OK","Indexable","","","93","","https://takedapro.com.br/themes/contrib/stable/css/system/components/hidden.module.css?sseyxk"
"https://takedapro.com.br/modules/contrib/gutenberg/vendor/gutenberg/block-library/style.css?sseyxk","text/css","200","OK","Indexable","","","98","","https://takedapro.com.br/modules/contrib/gutenberg/vendor/gutenberg/block-library/style.css?sseyxk"
"https://takedapro.com.br/themes/custom/takedapro/assets/js/script.js?sseyxk","application/x-javascript","200","OK","Indexable","","","75","","https://takedapro.com.br/themes/custom/takedapro/assets/js/script.js?sseyxk"
"https://takedapro.com.br/sites/default/files/2023-11/AS%20ÁREAS%20EM%20FOCO.png","image/png","200","OK","Indexable","","","80","","https://takedapro.com.br/sites/default/files/2023-11/AS%20A%CC%81REAS%20EM%20FOCO.png"
"https://takedapro.com.br/themes/contrib/classy/css/components/breadcrumb.css?sseyxk","text/css","200","OK","Indexable","","","83","","https://takedapro.com.br/themes/contrib/classy/css/components/breadcrumb.css?sseyxk"
"https://takedapro.com.br/themes/custom/takedapro/assets/css/home-style.css?sseyxk","text/css","200","OK","Indexable","","","81","","https://takedapro.com.br/themes/custom/takedapro/assets/css/home-style.css?sseyxk"
"https://takedapro.com.br/themes/contrib/classy/css/components/item-list.css?sseyxk","text/css","200","OK","Indexable","","","82","","https://takedapro.com.br/themes/contrib/classy/css/components/item-list.css?sseyxk"
"https://takedapro.com.br/modules/contrib/gutenberg/css/block-library.css?sseyxk","text/css","200","OK","Indexable","","","79","","https://takedapro.com.br/modules/contrib/gutenberg/css/block-library.css?sseyxk"
"https://takedapro.com.br/themes/contrib/classy/css/components/button.css?sseyxk","text/css","200","OK","Indexable","","","79","","https://takedapro.com.br/themes/contrib/classy/css/components/button.css?sseyxk"
"https://takedapro.com.br/themes/contrib/classy/css/components/action-links.css?sseyxk","text/css","200","OK","Indexable","","","85","","https://takedapro.com.br/themes/contrib/classy/css/components/action-links.css?sseyxk"
"https://www.takedapro.com.br/sites/default/files/2022-02/img-contato.jpg","","301","Moved Permanently","Non-Indexable","Redirected","","72","","https://www.takedapro.com.br/sites/default/files/2022-02/img-contato.jpg"
"https://www.takedapro.com.br/sites/default/files/2023-03/close-icon.png","","301","Moved Permanently","Non-Indexable","Redirected","","71","","https://www.takedapro.com.br/sites/default/files/2023-03/close-icon.png"
"https://takedapro.com.br/themes/custom/takedapro/assets/css/colors.css?sseyxk","text/html; charset=UTF-8","404","Not Found","Non-Indexable","Client Error","","77","","https://takedapro.com.br/themes/custom/takedapro/assets/css/colors.css?sseyxk"
"https://takedapro.com.br/modules/contrib/jquery_dollar/jquery_dollar.js?v=10.0.11","application/x-javascript","200","OK","Indexable","","","81","","https://takedapro.com.br/modules/contrib/jquery_dollar/jquery_dollar.js?v=10.0.11"
"https://takedapro.com.br/core/misc/drupal.init.js?v=10.0.11","application/x-javascript","200","OK","Indexable","","","59","","https://takedapro.com.br/core/misc/drupal.init.js?v=10.0.11"
"https://takedapro.com.br/hematologia/hemofilia-a-adquirida-aha","text/html; charset=UTF-8","307","Temporary Redirect","Non-Indexable","Redirected","","62","","https://takedapro.com.br/hematologia/hemofilia-a-adquirida-aha"
"https://www.takedapro.com.br/sites/default/files/2023-02/h-art-card-podcast__3.jpg","","301","Moved Permanently","Non-Indexable","Redirected","","82","","https://www.takedapro.com.br/sites/default/files/2023-02/h-art-card-podcast__3.jpg"
"https://takedapro.com.br/sites/default/files/languages/pt-br__567laN3DNJh-x1jfaGpnxcuV4HqcZvFenGeN016eoE.js?sseyxk","application/x-javascript","200","OK","Indexable","","","114","","https://takedapro.com.br/sites/default/files/languages/pt-br__567laN3DNJh-x1jfaGpnxcuV4HqcZvFenGeN016eoE.js?sseyxk"
"https://takedapro.com.br/themes/custom/takedapro/assets/css/customize.css?sseyxk","text/css","200","OK","Indexable","","","80","","https://takedapro.com.br/themes/custom/takedapro/assets/css/customize.css?sseyxk"
"https://takedapro.com.br/themes/contrib/classy/css/components/menu.css?sseyxk","text/css","200","OK","Indexable","","","77","","https://takedapro.com.br/themes/contrib/classy/css/components/menu.css?sseyxk"
"https://www.takedapro.com.br/sites/default/files/2023-03/default-image.png","","301","Moved Permanently","Non-Indexable","Redirected","","74","","https://www.takedapro.com.br/sites/default/files/2023-03/default-image.png"
"https://takedapro.com.br/themes/contrib/stable/css/system/components/item-list.module.css?sseyxk","text/css","200","OK","Indexable","","","96","","https://takedapro.com.br/themes/contrib/stable/css/system/components/item-list.module.css?sseyxk"
"https://takedapro.com.br/hematologia","text/html; charset=UTF-8","307","Temporary Redirect","Non-Indexable","Redirected","","36","","https://takedapro.com.br/hematologia"
"https://takedapro.com.br/themes/contrib/stable/css/system/components/progress.module.css?sseyxk","text/css","200","OK","Indexable","","","95","","https://takedapro.com.br/themes/contrib/stable/css/system/components/progress.module.css?sseyxk"
"https://takedapro.com.br/themes/contrib/stable/css/system/components/nowrap.module.css?sseyxk","text/css","200","OK","Indexable","","","93","","https://takedapro.com.br/themes/contrib/stable/css/system/components/nowrap.module.css?sseyxk"
"https://takedapro.com.br/themes/contrib/stable/css/system/components/reset-appearance.module.css?sseyxk","text/css","200","OK","Indexable","","","103","","https://takedapro.com.br/themes/contrib/stable/css/system/components/reset-appearance.module.css?sseyxk"
"https://takedapro.com.br/sites/default/files/google_tag/takeda_pro/google_tag.script.js?sseyxk","application/x-javascript","200","OK","Indexable","","","94","","https://takedapro.com.br/sites/default/files/google_tag/takeda_pro/google_tag.script.js?sseyxk"
"https://takedapro.com.br/doencas-raras/","text/html; charset=UTF-8","200","OK","Non-Indexable","Canonicalised","46c98317ea346b97debedffdb962b811","39","https://takedapro.com.br/doencas-raras","https://takedapro.com.br/doencas-raras/"
"https://takedapro.com.br/themes/contrib/classy/css/components/tablesort.css?sseyxk","text/css","200","OK","Indexable","","","82","","https://takedapro.com.br/themes/contrib/classy/css/components/tablesort.css?sseyxk"
"https://takedapro.com.br/modules/custom/my_custom_blocks/js/my_custom_blocks.js?v=1.x","application/x-javascript","200","OK","Indexable","","","85","","https://takedapro.com.br/modules/custom/my_custom_blocks/js/my_custom_blocks.js?v=1.x"
"https://takedapro.com.br/themes/custom/takedapro/assets/img/global/loader.png","image/png","200","OK","Indexable","","","77","","https://takedapro.com.br/themes/custom/takedapro/assets/img/global/loader.png"
"https://takedapro.com.br/themes/custom/takedapro/assets/css/livtencity-styles.css?sseyxk","text/css","200","OK","Indexable","","","88","","https://takedapro.com.br/themes/custom/takedapro/assets/css/livtencity-styles.css?sseyxk"
"https://takedapro.com.br/themes/contrib/stable/css/system/components/tablesort.module.css?sseyxk","text/css","200","OK","Indexable","","","96","","https://takedapro.com.br/themes/contrib/stable/css/system/components/tablesort.module.css?sseyxk"
"https://takedapro.com.br/user/register","","0","Blocked by robots.txt","Non-Indexable","Blocked by robots.txt","","38","","https://takedapro.com.br/user/register"
"https://takedapro.com.br/modules/custom/my_custom_blocks/js/vendor/slick.min.js?v=1.x","application/x-javascript","200","OK","Indexable","","","85","","https://takedapro.com.br/modules/custom/my_custom_blocks/js/vendor/slick.min.js?v=1.x"
"https://takedapro.com.br/entyvio/seguranca/evolve","text/html; charset=UTF-8","404","Not Found","Non-Indexable","Client Error","","49","","https://takedapro.com.br/entyvio/seguranca/evolve"
"https://takedapro.com.br/vacinas/presenca-global","text/html; charset=UTF-8","200","OK","Indexable","","6dcf3f6c3c966fd5a660591414f5c046","48","https://takedapro.com.br/vacinas/presenca-global","https://takedapro.com.br/vacinas/presenca-global"
"https://takedapro.com.br/vacinas/parcerias","text/html; charset=UTF-8","200","OK","Indexable","","df1fd53d4ca89490ca5951fbd436bc6a","42","https://takedapro.com.br/vacinas/parcerias","https://takedapro.com.br/vacinas/parcerias"
"https://takedapro.com.br/sites/default/files/2023-12/new-home-academia-gastro-updated.png","image/png","200","OK","Indexable","","","89","","https://takedapro.com.br/sites/default/files/2023-12/new-home-academia-gastro-updated.png"
"https://takedapro.com.br/themes/custom/takedapro/assets/css/release.min.css?sseyxk","text/css","200","OK","Indexable","","","82","","https://takedapro.com.br/themes/custom/takedapro/assets/css/release.min.css?sseyxk"
"https://takedapro.com.br/themes/contrib/classy/css/components/link.css?sseyxk","text/css","200","OK","Indexable","","","77","","https://takedapro.com.br/themes/contrib/classy/css/components/link.css?sseyxk"
"https://takedapro.com.br/sites/default/files/2023-11/PARCEIROS%20DA%20TAKEDA.png","image/png","200","OK","Indexable","","","80","","https://takedapro.com.br/sites/default/files/2023-11/PARCEIROS%20DA%20TAKEDA.png"
"https://takedapro.com.br/sites/default/files/2022-03/square-patient.jpg","image/jpeg","200","OK","Indexable","","","71","","https://takedapro.com.br/sites/default/files/2022-03/square-patient.jpg"
"https://takedapro.com.br/sites/default/files/2022-03/square-medic_0.jpg","image/jpeg","200","OK","Indexable","","","71","","https://takedapro.com.br/sites/default/files/2022-03/square-medic_0.jpg"
"https://takedapro.com.br/themes/contrib/stable/css/system/components/sticky-header.module.css?sseyxk","text/css","200","OK","Indexable","","","100","","https://takedapro.com.br/themes/contrib/stable/css/system/components/sticky-header.module.css?sseyxk"
"https://takedapro.com.br/themes/contrib/classy/css/components/icons.css?sseyxk","text/css","200","OK","Indexable","","","78","","https://takedapro.com.br/themes/contrib/classy/css/components/icons.css?sseyxk"
"https://takedapro.com.br/core/misc/drupal.js?v=10.0.11","application/x-javascript","200","OK","Indexable","","","54","","https://takedapro.com.br/core/misc/drupal.js?v=10.0.11"
"https://www.takedapro.com.br/sites/default/files/2023-02/h-art-card-tratamento__3.jpg","","301","Moved Permanently","Non-Indexable","Redirected","","85","","https://www.takedapro.com.br/sites/default/files/2023-02/h-art-card-tratamento__3.jpg"
"https://takedapro.com.br/themes/custom/takedapro/assets/css/editor.css?sseyxk","text/html; charset=UTF-8","404","Not Found","Non-Indexable","Client Error","","77","","https://takedapro.com.br/themes/custom/takedapro/assets/css/editor.css?sseyxk"
"https://takedapro.com.br/themes/custom/takedapro/assets/css/podcast.css?sseyxk","text/html; charset=UTF-8","404","Not Found","Non-Indexable","Client Error","","78","","https://takedapro.com.br/themes/custom/takedapro/assets/css/podcast.css?sseyxk"
"https://www.takedapro.com.br/sites/default/files/2022-10/mypkfit-banner.png","","301","Moved Permanently","Non-Indexable","Redirected","","75","","https://www.takedapro.com.br/sites/default/files/2022-10/mypkfit-banner.png"
"https://takedapro.com.br/vacinas/","text/html; charset=UTF-8","200","OK","Non-Indexable","Canonicalised","2abd6e3fef90d6f7ad41bf55e545d6e1","33","https://takedapro.com.br/vacinas","https://takedapro.com.br/vacinas/"
"https://takedapro.com.br/modules/custom/my_custom_blocks/css/my_custom_blocks.css?sseyxk","text/css","200","OK","Indexable","","","88","","https://takedapro.com.br/modules/custom/my_custom_blocks/css/my_custom_blocks.css?sseyxk"
"https://takedapro.com.br/themes/contrib/classy/css/components/more-link.css?sseyxk","text/css","200","OK","Indexable","","","82","","https://takedapro.com.br/themes/contrib/classy/css/components/more-link.css?sseyxk"
"https://takedapro.com.br/themes/contrib/classy/css/components/container-inline.css?sseyxk","text/css","200","OK","Indexable","","","89","","https://takedapro.com.br/themes/contrib/classy/css/components/container-inline.css?sseyxk"
"https://takedapro.com.br/modules/contrib/status_messages/js/status_messages.js?sseyxk","application/x-javascript","200","OK","Indexable","","","85","","https://takedapro.com.br/modules/contrib/status_messages/js/status_messages.js?sseyxk"
"https://takedapro.com.br/modules/custom/event_controller/js/scripts_controller.js?v=1.x","application/x-javascript","200","OK","Indexable","","","87","","https://takedapro.com.br/modules/custom/event_controller/js/scripts_controller.js?v=1.x"
"https://takedapro.com.br/sites/default/files/2022-12/neuro-icon.png","image/png","200","OK","Indexable","","","67","","https://takedapro.com.br/sites/default/files/2022-12/neuro-icon.png"
"https://www.takedapro.com.br/sites/default/files/2023-02/h-art-card-hemofilia__3.jpg","","301","Moved Permanently","Non-Indexable","Redirected","","84","","https://www.takedapro.com.br/sites/default/files/2023-02/h-art-card-hemofilia__3.jpg"
"https://www.takedapro.com.br/sites/default/files/2023-02/h-img-card-neuro__3.jpg","","301","Moved Permanently","Non-Indexable","Redirected","","80","","https://www.takedapro.com.br/sites/default/files/2023-02/h-img-card-neuro__3.jpg"
"https://takedapro.com.br/sites/default/files/2022-03/img-login.jpg","image/jpeg","200","OK","Indexable","","","66","","https://takedapro.com.br/sites/default/files/2022-03/img-login.jpg"
"https://takedapro.com.br/vacinas/vacina-da-dengue-takeda","text/html; charset=UTF-8","200","OK","Indexable","","8437ed2c65d1bcc623bff29c98066827","56","https://takedapro.com.br/vacinas/vacina-da-dengue-takeda","https://takedapro.com.br/vacinas/vacina-da-dengue-takeda"
"https://takedapro.com.br/themes/contrib/stable/css/system/components/position-container.module.css?sseyxk","text/css","200","OK","Indexable","","","105","","https://takedapro.com.br/themes/contrib/stable/css/system/components/position-container.module.css?sseyxk"
"https://takedapro.com.br/themes/contrib/stable/css/system/components/js.module.css?sseyxk","text/css","200","OK","Indexable","","","89","","https://takedapro.com.br/themes/contrib/stable/css/system/components/js.module.css?sseyxk"
"https://takedapro.com.br/replagal/para-voce/podcasts/","text/html; charset=UTF-8","307","Temporary Redirect","Non-Indexable","Redirected","","53","","https://takedapro.com.br/replagal/para-voce/podcasts/"
"https://takedapro.com.br/modules/contrib/status_messages/css/status_messages.css?sseyxk","text/css","200","OK","Indexable","","","87","","https://takedapro.com.br/modules/contrib/status_messages/css/status_messages.css?sseyxk"
"https://takedapro.com.br/themes/contrib/stable/css/system/components/tree-child.module.css?sseyxk","text/css","200","OK","Indexable","","","97","","https://takedapro.com.br/themes/contrib/stable/css/system/components/tree-child.module.css?sseyxk"
"https://takedapro.com.br/neurociencias/","text/html; charset=UTF-8","200","OK","Non-Indexable","Canonicalised","48799bfaac62f3719ff765dd580fb9e2","39","https://takedapro.com.br/neurociencias","https://takedapro.com.br/neurociencias/"
"https://takedapro.com.br/themes/contrib/classy/css/components/pager.css?sseyxk","text/css","200","OK","Indexable","","","78","","https://takedapro.com.br/themes/contrib/classy/css/components/pager.css?sseyxk"
"https://takedapro.com.br/themes/contrib/classy/css/components/ui-dialog.css?sseyxk","text/css","200","OK","Indexable","","","82","","https://takedapro.com.br/themes/contrib/classy/css/components/ui-dialog.css?sseyxk"
"https://takedapro.com.br/contato","text/html; charset=UTF-8","200","OK","Indexable","","d278aac67622693b817656664ccdcc01","32","https://takedapro.com.br/contato","https://takedapro.com.br/contato"
"https://takedapro.com.br/themes/contrib/classy/css/components/inline-form.css?sseyxk","text/css","200","OK","Indexable","","","84","","https://takedapro.com.br/themes/contrib/classy/css/components/inline-form.css?sseyxk"
"https://takedapro.com.br/modules/contrib/gutenberg/vendor/gutenberg/block-library/theme.css?sseyxk","text/css","200","OK","Indexable","","","98","","https://takedapro.com.br/modules/contrib/gutenberg/vendor/gutenberg/block-library/theme.css?sseyxk"
"https://takedapro.com.br/themes/contrib/stable/css/system/components/system-status-report-general-info.css?sseyxk","text/css","200","OK","Indexable","","","113","","https://takedapro.com.br/themes/contrib/stable/css/system/components/system-status-report-general-info.css?sseyxk"
"https://takedapro.com.br/themes/contrib/classy/css/components/textarea.css?sseyxk","text/css","200","OK","Indexable","","","81","","https://takedapro.com.br/themes/contrib/classy/css/components/textarea.css?sseyxk"
"https://takedapro.com.br/modules/custom/batch_controller/js/scripts_controller.js?v=1.x","application/x-javascript","200","OK","Indexable","","","87","","https://takedapro.com.br/modules/custom/batch_controller/js/scripts_controller.js?v=1.x"
"https://takedapro.com.br/vacinas/onde-vacinar","text/html; charset=UTF-8","200","OK","Indexable","","518d7eeb829fb7dd16aa5735f7b0b079","45","https://takedapro.com.br/vacinas/onde-vacinar","https://takedapro.com.br/vacinas/onde-vacinar"
"https://takedapro.com.br/themes/contrib/classy/css/components/tabs.css?sseyxk","text/css","200","OK","Indexable","","","77","","https://takedapro.com.br/themes/contrib/classy/css/components/tabs.css?sseyxk"
"https://takedapro.com.br/themes/contrib/stable/css/system/components/tabledrag.module.css?sseyxk","text/css","200","OK","Indexable","","","96","","https://takedapro.com.br/themes/contrib/stable/css/system/components/tabledrag.module.css?sseyxk"
"https://takedapro.com.br/mypkfit/sobre-mypkfit/como-funciona","text/html; charset=UTF-8","307","Temporary Redirect","Non-Indexable","Redirected","","60","","https://takedapro.com.br/mypkfit/sobre-mypkfit/como-funciona"
"https://takedapro.com.br/sites/default/files/2023-12/new-home-academia-neuro-updated.png","image/png","200","OK","Indexable","","","88","","https://takedapro.com.br/sites/default/files/2023-12/new-home-academia-neuro-updated.png"
"https://takedapro.com.br/themes/contrib/stable/css/system/components/autocomplete-loading.module.css?sseyxk","text/css","200","OK","Indexable","","","107","","https://takedapro.com.br/themes/contrib/stable/css/system/components/autocomplete-loading.module.css?sseyxk"
"https://takedapro.com.br/vacinas/pipeline-e-produtos","text/html; charset=UTF-8","200","OK","Indexable","","30f4b44d0ca883d5ea94f600956f0caa","52","https://takedapro.com.br/vacinas/pipeline-e-produtos","https://takedapro.com.br/vacinas/pipeline-e-produtos"
"https://takedapro.com.br/gastroenterologia/","text/html; charset=UTF-8","200","OK","Non-Indexable","Canonicalised","8787f227c9caf0b5614e67b60d60b0e2","43","https://takedapro.com.br/gastroenterologia","https://takedapro.com.br/gastroenterologia/"
"https://takedapro.com.br/themes/custom/takedapro/assets/css/base.css?sseyxk","text/css","200","OK","Indexable","","","75","","https://takedapro.com.br/themes/custom/takedapro/assets/css/base.css?sseyxk"
"https://takedapro.com.br/themes/contrib/stable/css/system/components/container-inline.module.css?sseyxk","text/css","200","OK","Indexable","","","103","","https://takedapro.com.br/themes/contrib/stable/css/system/components/container-inline.module.css?sseyxk"
"https://takedapro.com.br/oncologia/","text/html; charset=UTF-8","200","OK","Non-Indexable","Canonicalised","3a1b17761481ad460c89a3abc05a7243","35","https://takedapro.com.br/oncologia","https://takedapro.com.br/oncologia/"
"https://takedapro.com.br/themes/contrib/stable/css/system/components/details.module.css?sseyxk","text/css","200","OK","Indexable","","","94","","https://takedapro.com.br/themes/contrib/stable/css/system/components/details.module.css?sseyxk"
"https://takedapro.com.br/themes/contrib/stable/css/system/components/clearfix.module.css?sseyxk","text/css","200","OK","Indexable","","","95","","https://takedapro.com.br/themes/contrib/stable/css/system/components/clearfix.module.css?sseyxk"
"https://www.takedapro.com.br/sites/default/files/2023-02/h-img-card-raras__3.jpg","","301","Moved Permanently","Non-Indexable","Redirected","","80","","https://www.takedapro.com.br/sites/default/files/2023-02/h-img-card-raras__3.jpg"
"https://takedapro.com.br/core/misc/drupalSettingsLoader.js?v=10.0.11","application/x-javascript","200","OK","Indexable","","","68","","https://takedapro.com.br/core/misc/drupalSettingsLoader.js?v=10.0.11"
"https://takedapro.com.br/themes/custom/takedapro/assets/js/jquery.mask.min.js?v=1.x","application/x-javascript","200","OK","Indexable","","","83","","https://takedapro.com.br/themes/custom/takedapro/assets/js/jquery.mask.min.js?v=1.x"
"https://takedapro.com.br/core/assets/vendor/jquery/jquery.min.js?v=3.6.3","application/x-javascript","200","OK","Indexable","","","72","","https://takedapro.com.br/core/assets/vendor/jquery/jquery.min.js?v=3.6.3"
"https://takedapro.com.br/themes/custom/takedapro/assets/js/add-to-calendar-button.js?v=1.x","application/x-javascript","200","OK","Indexable","","","90","","https://takedapro.com.br/themes/custom/takedapro/assets/js/add-to-calendar-button.js?v=1.x"
"https://www.takedapro.com.br/sites/default/files/2023-02/h-art-card-inibidores__3.jpg","","301","Moved Permanently","Non-Indexable","Redirected","","85","","https://www.takedapro.com.br/sites/default/files/2023-02/h-art-card-inibidores__3.jpg"
"https://takedapro.com.br/sites/default/files/2023-11/NOSSA%20PRESENÇA%20GLOBAL.png","image/png","200","OK","Indexable","","","83","","https://takedapro.com.br/sites/default/files/2023-11/NOSSA%20PRESENC%CC%A7A%20GLOBAL.png"
"https://takedapro.com.br/sites/default/files/2022-12/gastro-icon.png","image/png","200","OK","Indexable","","","68","","https://takedapro.com.br/sites/default/files/2022-12/gastro-icon.png"
"https://takedapro.com.br/themes/custom/takedapro/assets/css/open-area.css?sseyxk","text/css","200","OK","Indexable","","","80","","https://takedapro.com.br/themes/custom/takedapro/assets/css/open-area.css?sseyxk"
"https://takedapro.com.br/hematologia/inibidores","text/html; charset=UTF-8","307","Temporary Redirect","Non-Indexable","Redirected","","47","","https://takedapro.com.br/hematologia/inibidores"
"https://takedapro.com.br/sites/default/files/2022-12/vaccines-icon.png","image/png","200","OK","Indexable","","","70","","https://takedapro.com.br/sites/default/files/2022-12/vaccines-icon.png"
"https://takedapro.com.br/themes/custom/takedapro/assets/js/release.min.js?sseyxk","application/x-javascript","200","OK","Indexable","","","80","","https://takedapro.com.br/themes/custom/takedapro/assets/js/release.min.js?sseyxk"
"https://takedapro.com.br/themes/contrib/classy/css/components/links.css?sseyxk","text/css","200","OK","Indexable","","","78","","https://takedapro.com.br/themes/contrib/classy/css/components/links.css?sseyxk"
"https://takedapro.com.br/themes/contrib/classy/css/components/field.css?sseyxk","text/css","200","OK","Indexable","","","78","","https://takedapro.com.br/themes/contrib/classy/css/components/field.css?sseyxk"
"https://takedapro.com.br/themes/contrib/classy/css/components/collapse-processed.css?sseyxk","text/css","200","OK","Indexable","","","91","","https://takedapro.com.br/themes/contrib/classy/css/components/collapse-processed.css?sseyxk"
"https://takedapro.com.br/sites/default/files/2022-12/hemato-icon.png","image/png","200","OK","Indexable","","","68","","https://takedapro.com.br/sites/default/files/2022-12/hemato-icon.png"
"https://www.takedapro.com.br/sites/default/files/2023-02/h-img-card-oncologia__3.jpg","","301","Moved Permanently","Non-Indexable","Redirected","","84","","https://www.takedapro.com.br/sites/default/files/2023-02/h-img-card-oncologia__3.jpg"
"https://takedapro.com.br/themes/contrib/stable/css/system/components/system-status-report-counters.css?sseyxk","text/css","200","OK","Indexable","","","109","","https://takedapro.com.br/themes/contrib/stable/css/system/components/system-status-report-counters.css?sseyxk"
"https://www.takedapro.com.br/sites/default/files/2023-02/h-img-card-vacinas__3.jpg","","301","Moved Permanently","Non-Indexable","Redirected","","82","","https://www.takedapro.com.br/sites/default/files/2023-02/h-img-card-vacinas__3.jpg"
"https://takedapro.com.br/themes/contrib/classy/css/components/messages.css?sseyxk","text/css","200","OK","Indexable","","","81","","https://takedapro.com.br/themes/contrib/classy/css/components/messages.css?sseyxk"
"https://takedapro.com.br/hematologia/","text/html; charset=UTF-8","307","Temporary Redirect","Non-Indexable","Redirected","","37","","https://takedapro.com.br/hematologia/"
"https://takedapro.com.br/themes/contrib/classy/css/components/exposed-filters.css?sseyxk","text/css","200","OK","Indexable","","","88","","https://takedapro.com.br/themes/contrib/classy/css/components/exposed-filters.css?sseyxk"
"https://takedapro.com.br/modules/custom/my_custom_blocks/css/style.min.css?sseyxk","text/css","200","OK","Indexable","","","81","","https://takedapro.com.br/modules/custom/my_custom_blocks/css/style.min.css?sseyxk"
"https://takedapro.com.br/themes/contrib/classy/css/components/form.css?sseyxk","text/css","200","OK","Indexable","","","77","","https://takedapro.com.br/themes/contrib/classy/css/components/form.css?sseyxk"
"https://takedapro.com.br/sites/default/files/2023-11/SAIBA%20MAIS%20SOBRE%20AS%20VACINAS.png","image/png","200","OK","Indexable","","","92","","https://takedapro.com.br/sites/default/files/2023-11/SAIBA%20MAIS%20SOBRE%20AS%20VACINAS.png"
"https://www.takedapro.com.br/sites/default/files/2023-02/h-img-card-gastro__3.jpg","","301","Moved Permanently","Non-Indexable","Redirected","","81","","https://www.takedapro.com.br/sites/default/files/2023-02/h-img-card-gastro__3.jpg"
"https://takedapro.com.br/sites/default/files/2022-02/img-contato.jpg","image/jpeg","200","OK","Indexable","","","68","","https://takedapro.com.br/sites/default/files/2022-02/img-contato.jpg"
"https://takedapro.com.br/themes/custom/takedapro/assets/img/header/logo.png","image/png","200","OK","Indexable","","","75","","https://takedapro.com.br/themes/custom/takedapro/assets/img/header/logo.png"
"https://takedapro.com.br/user/password","","0","Blocked by robots.txt","Non-Indexable","Blocked by robots.txt","","38","","https://takedapro.com.br/user/password"
"https://takedapro.com.br/themes/contrib/classy/css/components/tableselect.css?sseyxk","text/css","200","OK","Indexable","","","84","","https://takedapro.com.br/themes/contrib/classy/css/components/tableselect.css?sseyxk"
"https://takedapro.com.br/themes/custom/takedapro/assets/css/atcb.min.css?sseyxk","text/css","200","OK","Indexable","","","79","","https://takedapro.com.br/themes/custom/takedapro/assets/css/atcb.min.css?sseyxk"
"https://takedapro.com.br/themes/contrib/classy/css/components/tabledrag.css?sseyxk","text/css","200","OK","Indexable","","","82","","https://takedapro.com.br/themes/contrib/classy/css/components/tabledrag.css?sseyxk"
"https://takedapro.com.br/sites/default/files/2023-12/new-home-banner-1.png","image/png","200","OK","Indexable","","","74","","https://takedapro.com.br/sites/default/files/2023-12/new-home-banner-1.png"
"https://takedapro.com.br/themes/custom/takedapro/assets/css/mobile-menu.css?sseyxk","text/css","200","OK","Indexable","","","82","","https://takedapro.com.br/themes/custom/takedapro/assets/css/mobile-menu.css?sseyxk"
"https://www.takedapro.com.br/sites/default/files/2023-03/red-close-icon.png","","301","Moved Permanently","Non-Indexable","Redirected","","75","","https://www.takedapro.com.br/sites/default/files/2023-03/red-close-icon.png"
"https://takedapro.com.br/themes/contrib/stable/css/system/components/fieldgroup.module.css?sseyxk","text/css","200","OK","Indexable","","","97","","https://takedapro.com.br/themes/contrib/stable/css/system/components/fieldgroup.module.css?sseyxk"
"https://takedapro.com.br/themes/contrib/stable/css/core/normalize-fixes.css?sseyxk","text/css","200","OK","Indexable","","","82","","https://takedapro.com.br/themes/contrib/stable/css/core/normalize-fixes.css?sseyxk"
"https://takedapro.com.br/feiba/sobre-feiba/imunotolerancia","text/html; charset=UTF-8","307","Temporary Redirect","Non-Indexable","Redirected","","58","","https://takedapro.com.br/feiba/sobre-feiba/imunotolerancia"
"https://takedapro.com.br/themes/contrib/stable/css/core/assets/vendor/normalize-css/normalize.css?sseyxk","text/css","200","OK","Indexable","","","104","","https://takedapro.com.br/themes/contrib/stable/css/core/assets/vendor/normalize-css/normalize.css?sseyxk"
"https://takedapro.com.br/servicos-ao-paciente","text/html; charset=UTF-8","200","OK","Indexable","","b8374420ef68d9991b89602800a83f63","45","https://takedapro.com.br/servicos-ao-paciente","https://takedapro.com.br/servicos-ao-paciente"
"https://takedapro.com.br/sites/default/files/2023-08/reative-logo.png","image/png","200","OK","Indexable","","","69","","https://takedapro.com.br/sites/default/files/2023-08/reative-logo.png"
"https://takedapro.com.br/vacinas","text/html; charset=UTF-8","200","OK","Indexable","","e023a86b7922bb337b02882c22fbf2f6","32","https://takedapro.com.br/vacinas","https://takedapro.com.br/vacinas"
"https://takedapro.com.br/vacinas/areas-foco","text/html; charset=UTF-8","200","OK","Indexable","","9686117f20431fdcd8067ea0d909c811","43","https://takedapro.com.br/vacinas/areas-foco","https://takedapro.com.br/vacinas/areas-foco"
"https://takedapro.com.br/sites/default/files/2023-08/emfrente-430x249.png","image/png","200","OK","Indexable","","","73","","https://takedapro.com.br/sites/default/files/2023-08/emfrente-430x249.png"
"https://takedapro.com.br/produtos-takeda","text/html; charset=UTF-8","200","OK","Indexable","","dee81058dc4af18f1262ce5e6201f3c7","40","https://takedapro.com.br/produtos-takeda","https://takedapro.com.br/produtos-takeda"
"https://takedapro.com.br/sites/default/files/2023-09/zika.png","image/png","200","OK","Indexable","","","61","","https://takedapro.com.br/sites/default/files/2023-09/zika.png"
"https://takedapro.com.br/sites/default/files/2023-08/entrenos-new.png","image/png","200","OK","Indexable","","","69","","https://takedapro.com.br/sites/default/files/2023-08/entrenos-new.png"
"https://takedapro.com.br/sites/default/files/2023-09/dengue.png","image/png","200","OK","Indexable","","","63","","https://takedapro.com.br/sites/default/files/2023-09/dengue.png"
"https://takedapro.com.br/inzelm/drge/pcabs-vs-ibps/","text/html; charset=UTF-8","404","Not Found","Non-Indexable","Client Error","","51","","https://takedapro.com.br/inzelm/drge/pcabs-vs-ibps/"
"https://takedapro.com.br/sites/default/files/2021-11/hematologia.png","image/png","200","OK","Indexable","","","68","","https://takedapro.com.br/sites/default/files/2021-11/hematologia.png"
"https://takedapro.com.br/evobrig","text/html; charset=UTF-8","307","Temporary Redirect","Non-Indexable","Redirected","","32","","https://takedapro.com.br/evobrig"
"https://takedapro.com.br/adynovate","text/html; charset=UTF-8","307","Temporary Redirect","Non-Indexable","Redirected","","34","","https://takedapro.com.br/adynovate"
"https://takedapro.com.br/prothromplex","text/html; charset=UTF-8","307","Temporary Redirect","Non-Indexable","Redirected","","37","","https://takedapro.com.br/prothromplex"
"https://takedapro.com.br/advate","text/html; charset=UTF-8","307","Temporary Redirect","Non-Indexable","Redirected","","31","","https://takedapro.com.br/advate"
"https://takedapro.com.br/takhzyro","text/html; charset=UTF-8","307","Temporary Redirect","Non-Indexable","Redirected","","33","","https://takedapro.com.br/takhzyro"
"https://takedapro.com.br/adcetris","text/html; charset=UTF-8","307","Temporary Redirect","Non-Indexable","Redirected","","33","","https://takedapro.com.br/adcetris"
"https://takedapro.com.br/firazyr","text/html; charset=UTF-8","307","Temporary Redirect","Non-Indexable","Redirected","","32","","https://takedapro.com.br/firazyr"
"https://takedapro.com.br/inzelm","text/html; charset=UTF-8","307","Temporary Redirect","Non-Indexable","Redirected","","31","","https://takedapro.com.br/inzelm"
"https://takedapro.com.br/hyqvia","text/html; charset=UTF-8","307","Temporary Redirect","Non-Indexable","Redirected","","31","","https://takedapro.com.br/hyqvia"
"https://takedapro.com.br/endobulin-kiovig","text/html; charset=UTF-8","307","Temporary Redirect","Non-Indexable","Redirected","","41","","https://takedapro.com.br/endobulin-kiovig"
"https://takedapro.com.br/feiba","text/html; charset=UTF-8","307","Temporary Redirect","Non-Indexable","Redirected","","30","","https://takedapro.com.br/feiba"
"https://takedapro.com.br/entyvio-dc","text/html; charset=UTF-8","307","Temporary Redirect","Non-Indexable","Redirected","","35","","https://takedapro.com.br/entyvio-dc"
"https://takedapro.com.br/sites/default/files/2021-11/neurociencias.png","image/png","200","OK","Indexable","","","70","","https://takedapro.com.br/sites/default/files/2021-11/neurociencias.png"
"https://takedapro.com.br/sites/default/files/2021-11/gastroenterologia.png","image/png","200","OK","Indexable","","","74","","https://takedapro.com.br/sites/default/files/2021-11/gastroenterologia.png"
"https://takedapro.com.br/sites/default/files/2021-11/oncologia.png","image/png","200","OK","Indexable","","","66","","https://takedapro.com.br/sites/default/files/2021-11/oncologia.png"
"https://takedapro.com.br/sites/default/files/2021-11/vacinas.png","image/png","200","OK","Indexable","","","64","","https://takedapro.com.br/sites/default/files/2021-11/vacinas.png"
"https://takedapro.com.br/dexilant","text/html; charset=UTF-8","307","Temporary Redirect","Non-Indexable","Redirected","","33","","https://takedapro.com.br/dexilant"
"https://takedapro.com.br/sites/default/files/2021-11/doencas-raras.png","image/png","200","OK","Indexable","","","70","","https://takedapro.com.br/sites/default/files/2021-11/doencas-raras.png"
"https://takedapro.com.br/sites/default/files/2023-08/cuidaeh.png","image/png","200","OK","Indexable","","","64","","https://takedapro.com.br/sites/default/files/2023-08/cuidaeh.png"
"https://takedapro.com.br/sites/default/files/2023-08/enzimais.png","image/png","200","OK","Indexable","","","65","","https://takedapro.com.br/sites/default/files/2023-08/enzimais.png"
"https://takedapro.com.br/qdenga","text/html; charset=UTF-8","307","Temporary Redirect","Non-Indexable","Redirected","","31","","https://takedapro.com.br/qdenga"
"https://takedapro.com.br/sites/default/files/2024-03/independencia-logo2.png","text/html; charset=UTF-8","404","Not Found","Non-Indexable","Client Error","","76","","https://takedapro.com.br/sites/default/files/2024-03/independencia-logo2.png"
"https://takedapro.com.br/sites/default/files/2023-09/gripe.png","image/png","200","OK","Indexable","","","62","","https://takedapro.com.br/sites/default/files/2023-09/gripe.png"
"https://takedapro.com.br/user/login?destination=/feiba/sobre-feiba/imunotolerancia","","0","Blocked by robots.txt","Non-Indexable","Blocked by robots.txt","","82","","https://takedapro.com.br/user/login?destination=/feiba/sobre-feiba/imunotolerancia"
"https://takedapro.com.br/sites/default/files/2023-09/covid.png","image/png","200","OK","Indexable","","","62","","https://takedapro.com.br/sites/default/files/2023-09/covid.png"
"https://takedapro.com.br/entyvio-rcu","text/html; charset=UTF-8","307","Temporary Redirect","Non-Indexable","Redirected","","36","","https://takedapro.com.br/entyvio-rcu"
"https://takedapro.com.br/sites/default/files/2023-08/psp-banner.png","image/png","200","OK","Indexable","","","67","","https://takedapro.com.br/sites/default/files/2023-08/psp-banner.png"
"https://takedapro.com.br/sites/default/files/2023-03/red-close-icon.png","image/png","200","OK","Indexable","","","71","","https://takedapro.com.br/sites/default/files/2023-03/red-close-icon.png"
"https://takedapro.com.br/user/login?destination=/hematologia/inibidores","","0","Blocked by robots.txt","Non-Indexable","Blocked by robots.txt","","71","","https://takedapro.com.br/user/login?destination=/hematologia/inibidores"
"https://takedapro.com.br/sites/default/files/2023-08/takecare_diagnostico_cores-logo.jpg","image/jpeg","200","OK","Indexable","","","88","","https://takedapro.com.br/sites/default/files/2023-08/takecare_diagnostico_cores-logo.jpg"
"https://takedapro.com.br/sites/default/files/2023-02/h-art-card-inibidores__3.jpg","image/jpeg","200","OK","Indexable","","","81","","https://takedapro.com.br/sites/default/files/2023-02/h-art-card-inibidores__3.jpg"
"https://takedapro.com.br/sites/default/files/2023-02/h-img-card-raras__3.jpg","image/jpeg","200","OK","Indexable","","","76","","https://takedapro.com.br/sites/default/files/2023-02/h-img-card-raras__3.jpg"
"https://takedapro.com.br/sites/default/files/2023-02/h-img-card-gastro__3.jpg","image/jpeg","200","OK","Indexable","","","77","","https://takedapro.com.br/sites/default/files/2023-02/h-img-card-gastro__3.jpg"
"https://takedapro.com.br/sites/default/files/2023-02/h-img-card-oncologia__3.jpg","image/jpeg","200","OK","Indexable","","","80","","https://takedapro.com.br/sites/default/files/2023-02/h-img-card-oncologia__3.jpg"
"https://takedapro.com.br/sites/default/files/2023-02/h-img-card-vacinas__3.jpg","image/jpeg","200","OK","Indexable","","","78","","https://takedapro.com.br/sites/default/files/2023-02/h-img-card-vacinas__3.jpg"
"https://takedapro.com.br/sites/default/files/2023-06/linfomas-bg.png","image/png","200","OK","Indexable","","","68","","https://takedapro.com.br/sites/default/files/2023-06/linfomas-bg.png"
"https://takedapro.com.br/sites/default/files/2023-06/cancer-bg.png","image/png","200","OK","Indexable","","","66","","https://takedapro.com.br/sites/default/files/2023-06/cancer-bg.png"
"https://takedapro.com.br/oncologia/linfomas","text/html; charset=UTF-8","200","OK","Indexable","","6dd9520fac8b412fe56345cfa7ebbcd","43","https://takedapro.com.br/oncologia/linfomas","https://takedapro.com.br/oncologia/linfomas"
"https://takedapro.com.br/sites/default/files/2023-06/oncologia.png","image/png","200","OK","Indexable","","","66","","https://takedapro.com.br/sites/default/files/2023-06/oncologia.png"
"https://takedapro.com.br/ninlaro","text/html; charset=UTF-8","307","Temporary Redirect","Non-Indexable","Redirected","","32","","https://takedapro.com.br/ninlaro"
"https://takedapro.com.br/oncologia/cancer-de-pulmao","text/html; charset=UTF-8","200","OK","Non-Indexable","Canonicalised","114e729acfbb4c7ebf7b1d12bf6fded8","51","https://takedapro.com.br/oncologia/cancer-de-pulmão","https://takedapro.com.br/oncologia/cancer-de-pulmao"
"https://takedapro.com.br/oncologia/cancer-de-pulmao/","text/html; charset=UTF-8","200","OK","Non-Indexable","Canonicalised","ddd8731c0bd4df365830f0428674603d","52","https://takedapro.com.br/oncologia/cancer-de-pulmão","https://takedapro.com.br/oncologia/cancer-de-pulmao/"
"https://takedapro.com.br/sites/default/files/2023-06/mieloma-bg.png","image/png","200","OK","Indexable","","","67","","https://takedapro.com.br/sites/default/files/2023-06/mieloma-bg.png"
"https://takedapro.com.br/gastroenterologia/eventos-e-congressos","text/html; charset=UTF-8","307","Temporary Redirect","Non-Indexable","Redirected","","63","","https://takedapro.com.br/gastroenterologia/eventos-e-congressos"
"https://takedapro.com.br/gastroenterologia/patologias","text/html; charset=UTF-8","307","Temporary Redirect","Non-Indexable","Redirected","","53","","https://takedapro.com.br/gastroenterologia/patologias"
"https://takedapro.com.br/gastroenterologia","text/html; charset=UTF-8","200","OK","Indexable","","cb5d5bc094d5437fb5f0dc7880486626","42","https://takedapro.com.br/gastroenterologia","https://takedapro.com.br/gastroenterologia"
"https://takedapro.com.br/gastroenterologia/atualizacoes-cientificas/materiais-cientificos","text/html; charset=UTF-8","307","Temporary Redirect","Non-Indexable","Redirected","","89","","https://takedapro.com.br/gastroenterologia/atualizacoes-cientificas/materiais-cientificos"
"https://takedapro.com.br/sites/default/files/2023-10/main-banner-drge.png","image/png","200","OK","Indexable","","","73","","https://takedapro.com.br/sites/default/files/2023-10/main-banner-drge.png"
"https://takedapro.com.br/gastroenterologia/produtos-takeda","text/html; charset=UTF-8","307","Temporary Redirect","Non-Indexable","Redirected","","58","","https://takedapro.com.br/gastroenterologia/produtos-takeda"
"https://takedapro.com.br/gastroenterologia/mudando-a-dc","text/html; charset=UTF-8","200","OK","Indexable","","c7917f95e1bfeb026142a668710de614","55","https://takedapro.com.br/gastroenterologia/mudando-a-dc","https://takedapro.com.br/gastroenterologia/mudando-a-dc"
"https://takedapro.com.br/sites/default/files/2023-07/sic-fi-banner-new.jpg","image/jpeg","200","OK","Indexable","","","74","","https://takedapro.com.br/sites/default/files/2023-07/sic-fi-banner-new.jpg"
"https://takedapro.com.br/gastroenterologia/modelos-anatomicos","text/html; charset=UTF-8","307","Temporary Redirect","Non-Indexable","Redirected","","61","","https://takedapro.com.br/gastroenterologia/modelos-anatomicos"
"https://takedapro.com.br/sites/default/files/2023-05/banner-slide-1.jpg","image/jpeg","200","OK","Indexable","","","71","","https://takedapro.com.br/sites/default/files/2023-05/banner-slide-1.jpg"
"https://takedapro.com.br/sites/default/files/2023-05/pathology.png","image/png","200","OK","Indexable","","","66","","https://takedapro.com.br/sites/default/files/2023-05/pathology.png"
"https://takedapro.com.br/gastroenterologia/atualizacoes-cientificas","text/html; charset=UTF-8","307","Temporary Redirect","Non-Indexable","Redirected","","67","","https://takedapro.com.br/gastroenterologia/atualizacoes-cientificas"
"https://takedapro.com.br/user/login?destination=/mypkfit/sobre-mypkfit/como-funciona","","0","Blocked by robots.txt","Non-Indexable","Blocked by robots.txt","","84","","https://takedapro.com.br/user/login?destination=/mypkfit/sobre-mypkfit/como-funciona"
"https://takedapro.com.br/gastroenterologia/atualizacoes-cientificas/e-learning-academia-gastro","text/html; charset=UTF-8","307","Temporary Redirect","Non-Indexable","Redirected","","94","","https://takedapro.com.br/gastroenterologia/atualizacoes-cientificas/e-learning-academia-gastro"
"https://takedapro.com.br/sites/default/files/2023-09/tabela.png","image/png","200","OK","Indexable","","","63","","https://takedapro.com.br/sites/default/files/2023-09/tabela.png"
"https://takedapro.com.br/sites/default/files/2023-09/setas.png","image/png","200","OK","Indexable","","","62","","https://takedapro.com.br/sites/default/files/2023-09/setas.png"
"https://takedapro.com.br/core/modules/layout_discovery/layouts/onecol/onecol.css?sseyxk","text/css","200","OK","Indexable","","","87","","https://takedapro.com.br/core/modules/layout_discovery/layouts/onecol/onecol.css?sseyxk"
"https://takedapro.com.br/themes/custom/takedapro/assets/img/ubs/lupa.png","image/png","200","OK","Indexable","","","72","","https://takedapro.com.br/themes/custom/takedapro/assets/img/ubs/lupa.png"
"https://takedapro.com.br/core/modules/layout_builder/layouts/twocol_section/twocol_section.css?sseyxk","text/css","200","OK","Indexable","","","101","","https://takedapro.com.br/core/modules/layout_builder/layouts/twocol_section/twocol_section.css?sseyxk"
"https://takedapro.com.br/neurociencias","text/html; charset=UTF-8","200","OK","Indexable","","bc8c57a6cc2184854d9ad8b8830b2b6a","38","https://takedapro.com.br/neurociencias","https://takedapro.com.br/neurociencias"
"https://takedapro.com.br/user/login?destination=/replagal/para-voce/podcasts","","0","Blocked by robots.txt","Non-Indexable","Blocked by robots.txt","","76","","https://takedapro.com.br/user/login?destination=/replagal/para-voce/podcasts"
"https://takedapro.com.br/sites/default/files/2023-02/h-img-card-neuro__3.jpg","image/jpeg","200","OK","Indexable","","","76","","https://takedapro.com.br/sites/default/files/2023-02/h-img-card-neuro__3.jpg"
"https://takedapro.com.br/tca","text/html; charset=UTF-8","307","Temporary Redirect","Non-Indexable","Redirected","","28","","https://takedapro.com.br/tca"
"https://takedapro.com.br/sites/default/files/2023-02/h-art-card-hemofilia__3.jpg","image/jpeg","200","OK","Indexable","","","80","","https://takedapro.com.br/sites/default/files/2023-02/h-art-card-hemofilia__3.jpg"
"https://takedapro.com.br/themes/custom/takedapro/assets/img/mobile-menu/menu-items/patology-items/patology-icon-5.svg","image/svg+xml","200","OK","Indexable","","","117","","https://takedapro.com.br/themes/custom/takedapro/assets/img/mobile-menu/menu-items/patology-items/patology-icon-5.svg"
"https://takedapro.com.br/tdah","text/html; charset=UTF-8","307","Temporary Redirect","Non-Indexable","Redirected","","29","","https://takedapro.com.br/tdah"
"https://takedapro.com.br/themes/custom/takedapro/assets/img/mobile-menu/search-icon-black.svg","image/svg+xml","200","OK","Indexable","","","93","","https://takedapro.com.br/themes/custom/takedapro/assets/img/mobile-menu/search-icon-black.svg"
"https://takedapro.com.br/themes/custom/takedapro/assets/img/mobile-menu/menu-items/products-icon.svg","image/svg+xml","200","OK","Indexable","","","100","","https://takedapro.com.br/themes/custom/takedapro/assets/img/mobile-menu/menu-items/products-icon.svg"
"https://takedapro.com.br/themes/custom/takedapro/assets/img/mobile-menu/home-icon.svg","image/svg+xml","200","OK","Indexable","","","85","","https://takedapro.com.br/themes/custom/takedapro/assets/img/mobile-menu/home-icon.svg"
"https://takedapro.com.br/themes/custom/takedapro/assets/img/mobile-menu/menu-items/patology-items/patology-icon-4.svg","image/svg+xml","200","OK","Indexable","","","117","","https://takedapro.com.br/themes/custom/takedapro/assets/img/mobile-menu/menu-items/patology-items/patology-icon-4.svg"
"https://takedapro.com.br/themes/custom/takedapro/assets/img/mobile-menu/menu-items/therapeutic-areas-icon.svg","image/svg+xml","200","OK","Indexable","","","109","","https://takedapro.com.br/themes/custom/takedapro/assets/img/mobile-menu/menu-items/therapeutic-areas-icon.svg"
"https://takedapro.com.br/user/","text/html; charset=UTF-8","302","Found","Non-Indexable","Redirected","","30","","https://takedapro.com.br/user/"
"https://takedapro.com.br/hematologia/hemofilia/eventos-e-congressos","text/html; charset=UTF-8","307","Temporary Redirect","Non-Indexable","Redirected","","67","","https://takedapro.com.br/hematologia/hemofilia/eventos-e-congressos"
"https://takedapro.com.br/themes/custom/takedapro/assets/img/mobile-menu/search-icon.svg","image/svg+xml","200","OK","Indexable","","","87","","https://takedapro.com.br/themes/custom/takedapro/assets/img/mobile-menu/search-icon.svg"
"https://takedapro.com.br/sites/default/files/2023-09/icone-vacinas.png","image/png","200","OK","Indexable","","","70","","https://takedapro.com.br/sites/default/files/2023-09/icone-vacinas.png"
"https://takedapro.com.br/themes/custom/takedapro/assets/img/mobile-menu/menu-items/patology-items/patology-icon-3.svg","image/svg+xml","200","OK","Indexable","","","117","","https://takedapro.com.br/themes/custom/takedapro/assets/img/mobile-menu/menu-items/patology-items/patology-icon-3.svg"
"https://takedapro.com.br/themes/custom/takedapro/assets/img/mobile-menu/menu-items/patology-icon.svg","image/svg+xml","200","OK","Indexable","","","100","","https://takedapro.com.br/themes/custom/takedapro/assets/img/mobile-menu/menu-items/patology-icon.svg"
"https://takedapro.com.br/themes/custom/takedapro/assets/img/mobile-menu/menu-items/therapeutic-items/gastro-icon.svg","image/svg+xml","200","OK","Indexable","","","116","","https://takedapro.com.br/themes/custom/takedapro/assets/img/mobile-menu/menu-items/therapeutic-items/gastro-icon.svg"
"https://takedapro.com.br/themes/custom/takedapro/assets/img/mobile-menu/menu-items/therapeutic-items/hemato-icon.svg","image/svg+xml","200","OK","Indexable","","","116","","https://takedapro.com.br/themes/custom/takedapro/assets/img/mobile-menu/menu-items/therapeutic-items/hemato-icon.svg"
"https://takedapro.com.br/themes/custom/takedapro/assets/img/mobile-menu/menu-items/contact-icon.svg","image/svg+xml","200","OK","Indexable","","","99","","https://takedapro.com.br/themes/custom/takedapro/assets/img/mobile-menu/menu-items/contact-icon.svg"
"https://takedapro.com.br/themes/custom/takedapro/assets/img/mobile-menu/menu-icon.svg","image/svg+xml","200","OK","Indexable","","","85","","https://takedapro.com.br/themes/custom/takedapro/assets/img/mobile-menu/menu-icon.svg"
"https://takedapro.com.br/themes/custom/takedapro/assets/img/mobile-menu/menu-items/therapeutic-items/neuro-icon.svg","image/svg+xml","200","OK","Indexable","","","115","","https://takedapro.com.br/themes/custom/takedapro/assets/img/mobile-menu/menu-items/therapeutic-items/neuro-icon.svg"
"https://takedapro.com.br/oncologia","text/html; charset=UTF-8","200","OK","Indexable","","6e9283cef0616baca7f5cb7ec41e3916","34","https://takedapro.com.br/oncologia","https://takedapro.com.br/oncologia"
"https://takedapro.com.br/themes/custom/takedapro/assets/img/mobile-menu/menu-items/therapeutic-items/oncology-icon.svg","image/svg+xml","200","OK","Indexable","","","118","","https://takedapro.com.br/themes/custom/takedapro/assets/img/mobile-menu/menu-items/therapeutic-items/oncology-icon.svg"
"https://takedapro.com.br/themes/custom/takedapro/assets/img/mobile-menu/menu-items/patology-items/patology-icon-2.svg","image/svg+xml","200","OK","Indexable","","","117","","https://takedapro.com.br/themes/custom/takedapro/assets/img/mobile-menu/menu-items/patology-items/patology-icon-2.svg"
"https://takedapro.com.br/themes/custom/takedapro/assets/img/mobile-menu/menu-items/therapeutic-items/rare-diseases-icon.svg","image/svg+xml","200","OK","Indexable","","","123","","https://takedapro.com.br/themes/custom/takedapro/assets/img/mobile-menu/menu-items/therapeutic-items/rare-diseases-icon.svg"
"https://takedapro.com.br/themes/custom/takedapro/assets/img/mobile-menu/menu-items/profile-icon.svg","image/svg+xml","200","OK","Indexable","","","99","","https://takedapro.com.br/themes/custom/takedapro/assets/img/mobile-menu/menu-items/profile-icon.svg"
"https://takedapro.com.br/themes/custom/takedapro/assets/img/mobile-menu/menu-items/events-icon.svg","image/svg+xml","200","OK","Indexable","","","98","","https://takedapro.com.br/themes/custom/takedapro/assets/img/mobile-menu/menu-items/events-icon.svg"
"https://takedapro.com.br/hematologia/hemofilia/produtos-takeda","text/html; charset=UTF-8","307","Temporary Redirect","Non-Indexable","Redirected","","62","","https://takedapro.com.br/hematologia/hemofilia/produtos-takeda"
"https://takedapro.com.br/themes/custom/takedapro/assets/img/mobile-menu/menu-items/patology-items/patology-icon-1.svg","image/svg+xml","200","OK","Indexable","","","117","","https://takedapro.com.br/themes/custom/takedapro/assets/img/mobile-menu/menu-items/patology-items/patology-icon-1.svg"
"https://takedapro.com.br/sites/default/files/2022-10/mypkfit-banner.png","image/png","200","OK","Indexable","","","71","","https://takedapro.com.br/sites/default/files/2022-10/mypkfit-banner.png"
"https://takedapro.com.br/sites/default/files/2023-02/h-art-card-tratamento__3.jpg","image/jpeg","200","OK","Indexable","","","81","","https://takedapro.com.br/sites/default/files/2023-02/h-art-card-tratamento__3.jpg"
"https://takedapro.com.br/hematologia/hemofilia","text/html; charset=UTF-8","307","Temporary Redirect","Non-Indexable","Redirected","","46","","https://takedapro.com.br/hematologia/hemofilia"
"https://takedapro.com.br/themes/custom/takedapro/assets/img/mobile-menu/menu-items/therapeutic-items/vaccine-icon.svg","image/svg+xml","200","OK","Indexable","","","117","","https://takedapro.com.br/themes/custom/takedapro/assets/img/mobile-menu/menu-items/therapeutic-items/vaccine-icon.svg"
"https://takedapro.com.br/vacinas/vacina-da-dengue-takeda/","text/html; charset=UTF-8","200","OK","Non-Indexable","Canonicalised","47e055c2573e3fc3b327c2b044a91bc3","57","https://takedapro.com.br/vacinas/vacina-da-dengue-takeda","https://takedapro.com.br/vacinas/vacina-da-dengue-takeda/"
"https://takedapro.com.br/sites/default/files/2023-09/parceria2_0.png","image/png","200","OK","Indexable","","","68","","https://takedapro.com.br/sites/default/files/2023-09/parceria2_0.png"
"https://takedapro.com.br/sites/default/files/2023-09/parceria1_0.png","image/png","200","OK","Indexable","","","68","","https://takedapro.com.br/sites/default/files/2023-09/parceria1_0.png"
"https://takedapro.com.br/sites/default/files/2023-09/parceria3_0.png","image/png","200","OK","Indexable","","","68","","https://takedapro.com.br/sites/default/files/2023-09/parceria3_0.png"
"https://takedapro.com.br/sites/default/files/2023-08/arrow-saiba-mais.png","image/png","200","OK","Indexable","","","73","","https://takedapro.com.br/sites/default/files/2023-08/arrow-saiba-mais.png"
"https://takedapro.com.br/sites/default/files/2023-09/local3.png","image/png","200","OK","Indexable","","","63","","https://takedapro.com.br/sites/default/files/2023-09/local3.png"
"https://takedapro.com.br/sites/default/files/2023-09/estrela.png","image/png","200","OK","Indexable","","","64","","https://takedapro.com.br/sites/default/files/2023-09/estrela.png"
"https://takedapro.com.br/sites/default/files/2023-09/local1.png","image/png","200","OK","Indexable","","","63","","https://takedapro.com.br/sites/default/files/2023-09/local1.png"
"https://takedapro.com.br/vacinas/vacinas-takeda/","text/html; charset=UTF-8","200","OK","Non-Indexable","Canonicalised","c919ba3c3cc938911135fa66c9636c47","48","https://takedapro.com.br/vacinas/vacinas-takeda","https://takedapro.com.br/vacinas/vacinas-takeda/"
"https://takedapro.com.br/vacinas/o-valor-da-vacinacao","text/html; charset=UTF-8","200","OK","Indexable","","cb5e3a7790859a9a674574197555c41a","53","https://takedapro.com.br/vacinas/o-valor-da-vacinacao","https://takedapro.com.br/vacinas/o-valor-da-vacinacao"
"https://takedapro.com.br/vacinas/presenca-global/","text/html; charset=UTF-8","200","OK","Non-Indexable","Canonicalised","3ceba7c7cc22ca51f6be8c68005e14b4","49","https://takedapro.com.br/vacinas/presenca-global","https://takedapro.com.br/vacinas/presenca-global/"
"https://takedapro.com.br/vacinas/o-valor-da-vacinacao/","text/html; charset=UTF-8","200","OK","Non-Indexable","Canonicalised","3aa5851c551af88fb6c02cc7f231440","54","https://takedapro.com.br/vacinas/o-valor-da-vacinacao","https://takedapro.com.br/vacinas/o-valor-da-vacinacao/"
"https://takedapro.com.br/sites/default/files/2023-09/local2.png","image/png","200","OK","Indexable","","","63","","https://takedapro.com.br/sites/default/files/2023-09/local2.png"
"https://takedapro.com.br/sites/default/files/2023-09/local4.png","image/png","200","OK","Indexable","","","63","","https://takedapro.com.br/sites/default/files/2023-09/local4.png"
"https://takedapro.com.br/sites/default/files/2023-09/mapa.png","image/png","200","OK","Indexable","","","61","","https://takedapro.com.br/sites/default/files/2023-09/mapa.png"
"https://takedapro.com.br/vacinas/parcerias/","text/html; charset=UTF-8","200","OK","Non-Indexable","Canonicalised","4eddb194295cac5ec4c8cb6e51e4d110","43","https://takedapro.com.br/vacinas/parcerias","https://takedapro.com.br/vacinas/parcerias/"
"https://takedapro.com.br/vacinas/vacinas-takeda","text/html; charset=UTF-8","200","OK","Indexable","","57a1b615f75cf1757e7621cb3fd0da2f","47","https://takedapro.com.br/vacinas/vacinas-takeda","https://takedapro.com.br/vacinas/vacinas-takeda"
"https://takedapro.com.br/vacinas/areas-foco/","text/html; charset=UTF-8","200","OK","Non-Indexable","Canonicalised","e0571a31bfd6451f47584c524b6bc127","44","https://takedapro.com.br/vacinas/areas-foco","https://takedapro.com.br/vacinas/areas-foco/"
"https://takedapro.com.br/vpriv","text/html; charset=UTF-8","307","Temporary Redirect","Non-Indexable","Redirected","","30","","https://takedapro.com.br/vpriv"
"https://takedapro.com.br/vacinas/pipeline-e-produtos/","text/html; charset=UTF-8","200","OK","Non-Indexable","Canonicalised","dfc073cc5b2454eba85b48d78410911c","53","https://takedapro.com.br/vacinas/pipeline-e-produtos","https://takedapro.com.br/vacinas/pipeline-e-produtos/"
"https://takedapro.com.br/elaprase","text/html; charset=UTF-8","307","Temporary Redirect","Non-Indexable","Redirected","","33","","https://takedapro.com.br/elaprase"
"https://takedapro.com.br/doencas-raras/ids","text/html; charset=UTF-8","200","OK","Indexable","","443ae6af692b1efba86063205e77be21","42","https://takedapro.com.br/doencas-raras/ids","https://takedapro.com.br/doencas-raras/ids"
"https://takedapro.com.br/revestive","text/html; charset=UTF-8","307","Temporary Redirect","Non-Indexable","Redirected","","34","","https://takedapro.com.br/revestive"
"https://takedapro.com.br/livtencity","text/html; charset=UTF-8","307","Temporary Redirect","Non-Indexable","Redirected","","35","","https://takedapro.com.br/livtencity"
"https://takedapro.com.br/user/login?destination=/hematologia","","0","Blocked by robots.txt","Non-Indexable","Blocked by robots.txt","","60","","https://takedapro.com.br/user/login?destination=/hematologia"
"https://takedapro.com.br/sites/default/files/2023-03/default-image.png","image/png","200","OK","Indexable","","","70","","https://takedapro.com.br/sites/default/files/2023-03/default-image.png"
"https://takedapro.com.br/replagal","text/html; charset=UTF-8","307","Temporary Redirect","Non-Indexable","Redirected","","33","","https://takedapro.com.br/replagal"
"https://takedapro.com.br/user/login?destination=/hematologia/hemofilia-a-adquirida-aha","","0","Blocked by robots.txt","Non-Indexable","Blocked by robots.txt","","86","","https://takedapro.com.br/user/login?destination=/hematologia/hemofilia-a-adquirida-aha"
"https://takedapro.com.br/doencas-raras/aeh","text/html; charset=UTF-8","200","OK","Indexable","","3b9a24b0ac61046540cea319fff7b94a","42","https://takedapro.com.br/doencas-raras/aeh","https://takedapro.com.br/doencas-raras/aeh"
"https://takedapro.com.br/sites/default/files/2023-03/close-icon.png","image/png","200","OK","Indexable","","","67","","https://takedapro.com.br/sites/default/files/2023-03/close-icon.png"
"https://takedapro.com.br/sites/default/files/2023-02/h-art-card-diff__3_0.jpg","image/jpeg","200","OK","Indexable","","","77","","https://takedapro.com.br/sites/default/files/2023-02/h-art-card-diff__3_0.jpg"
"https://takedapro.com.br/doencas-raras/idp","text/html; charset=UTF-8","200","OK","Indexable","","a3ce162540dfbd779beea1ae0462cbbb","42","https://takedapro.com.br/doencas-raras/idp","https://takedapro.com.br/doencas-raras/idp"
"https://takedapro.com.br/user/login?destination=/replagal","","0","Blocked by robots.txt","Non-Indexable","Blocked by robots.txt","","57","","https://takedapro.com.br/user/login?destination=/replagal"
"https://takedapro.com.br/user/login?destination=/livtencity","","0","Blocked by robots.txt","Non-Indexable","Blocked by robots.txt","","59","","https://takedapro.com.br/user/login?destination=/livtencity"
"https://takedapro.com.br/user/login?destination=/revestive","","0","Blocked by robots.txt","Non-Indexable","Blocked by robots.txt","","58","","https://takedapro.com.br/user/login?destination=/revestive"
"https://takedapro.com.br/user/login?destination=/elaprase","","0","Blocked by robots.txt","Non-Indexable","Blocked by robots.txt","","57","","https://takedapro.com.br/user/login?destination=/elaprase"
"https://takedapro.com.br/user/login?destination=/vpriv","","0","Blocked by robots.txt","Non-Indexable","Blocked by robots.txt","","54","","https://takedapro.com.br/user/login?destination=/vpriv"
"https://takedapro.com.br/sites/default/files/2023-02/h-art-card-podcast__3.jpg","image/jpeg","200","OK","Indexable","","","78","","https://takedapro.com.br/sites/default/files/2023-02/h-art-card-podcast__3.jpg"
"https://takedapro.com.br/sites/default/files/2023-09/globo.png","image/png","200","OK","Indexable","","","62","","https://takedapro.com.br/sites/default/files/2023-09/globo.png"
"https://takedapro.com.br/sites/default/files/2023-02/h-img-card-hemato__3.jpg","image/jpeg","200","OK","Indexable","","","77","","https://takedapro.com.br/sites/default/files/2023-02/h-img-card-hemato__3.jpg"
"https://takedapro.com.br/doencas-raras","text/html; charset=UTF-8","200","OK","Indexable","","70db9450a6a57ddbb940c7f32242aa5","38","https://takedapro.com.br/doencas-raras","https://takedapro.com.br/doencas-raras"
"https://takedapro.com.br/sites/default/files/2023-02/h-art-card-imuno__3.jpg","image/jpeg","200","OK","Indexable","","","76","","https://takedapro.com.br/sites/default/files/2023-02/h-art-card-imuno__3.jpg"
"https://takedapro.com.br/user/login?destination=/hematologia/hemofilia","","0","Blocked by robots.txt","Non-Indexable","Blocked by robots.txt","","70","","https://takedapro.com.br/user/login?destination=/hematologia/hemofilia"
"https://takedapro.com.br/sites/default/files/2023-09/coracao.png","image/png","200","OK","Indexable","","","64","","https://takedapro.com.br/sites/default/files/2023-09/coracao.png"
"https://takedapro.com.br/user/login?destination=/hematologia/hemofilia/produtos-takeda","","0","Blocked by robots.txt","Non-Indexable","Blocked by robots.txt","","86","","https://takedapro.com.br/user/login?destination=/hematologia/hemofilia/produtos-takeda"
"https://takedapro.com.br/user/login?destination=/hematologia/hemofilia/eventos-e-congressos","","0","Blocked by robots.txt","Non-Indexable","Blocked by robots.txt","","91","","https://takedapro.com.br/user/login?destination=/hematologia/hemofilia/eventos-e-congressos"
"https://takedapro.com.br/user/login","","0","Blocked by robots.txt","Non-Indexable","Blocked by robots.txt","","35","","https://takedapro.com.br/user/login"
"https://takedapro.com.br/user/login?destination=/tdah","","0","Blocked by robots.txt","Non-Indexable","Blocked by robots.txt","","53","","https://takedapro.com.br/user/login?destination=/tdah"
"https://takedapro.com.br/user/login?destination=/tca","","0","Blocked by robots.txt","Non-Indexable","Blocked by robots.txt","","52","","https://takedapro.com.br/user/login?destination=/tca"
"https://takedapro.com.br/user/login?destination=/gastroenterologia/atualizacoes-cientificas/e-learning-academia-gastro","","0","Blocked by robots.txt","Non-Indexable","Blocked by robots.txt","","118","","https://takedapro.com.br/user/login?destination=/gastroenterologia/atualizacoes-cientificas/e-learning-academia-gastro"
"https://takedapro.com.br/user/login?destination=/gastroenterologia/atualizacoes-cientificas","","0","Blocked by robots.txt","Non-Indexable","Blocked by robots.txt","","91","","https://takedapro.com.br/user/login?destination=/gastroenterologia/atualizacoes-cientificas"
"https://takedapro.com.br/user/login?destination=/gastroenterologia/modelos-anatomicos","","0","Blocked by robots.txt","Non-Indexable","Blocked by robots.txt","","85","","https://takedapro.com.br/user/login?destination=/gastroenterologia/modelos-anatomicos"
"https://takedapro.com.br/sites/default/files/2023-09/moeda.png","image/png","200","OK","Indexable","","","62","","https://takedapro.com.br/sites/default/files/2023-09/moeda.png"
"https://takedapro.com.br/themes/custom/takedapro/assets/img/consulta-publica/sintomas.png","image/png","200","OK","Indexable","","","89","","https://takedapro.com.br/themes/custom/takedapro/assets/img/consulta-publica/sintomas.png"
"https://takedapro.com.br/themes/custom/takedapro/assets/img/consulta-publica/banner_moca.png","image/png","200","OK","Indexable","","","92","","https://takedapro.com.br/themes/custom/takedapro/assets/img/consulta-publica/banner_moca.png"
"https://takedapro.com.br/user/login?destination=/gastroenterologia/produtos-takeda","","0","Blocked by robots.txt","Non-Indexable","Blocked by robots.txt","","82","","https://takedapro.com.br/user/login?destination=/gastroenterologia/produtos-takeda"
"https://takedapro.com.br/user/login?destination=/gastroenterologia/atualizacoes-cientificas/materiais-cientificos","","0","Blocked by robots.txt","Non-Indexable","Blocked by robots.txt","","113","","https://takedapro.com.br/user/login?destination=/gastroenterologia/atualizacoes-cientificas/materiais-cientificos"
"https://takedapro.com.br/user/login?destination=/gastroenterologia/patologias","","0","Blocked by robots.txt","Non-Indexable","Blocked by robots.txt","","77","","https://takedapro.com.br/user/login?destination=/gastroenterologia/patologias"
"https://takedapro.com.br/user/login?destination=/gastroenterologia/eventos-e-congressos","","0","Blocked by robots.txt","Non-Indexable","Blocked by robots.txt","","87","","https://takedapro.com.br/user/login?destination=/gastroenterologia/eventos-e-congressos"
"https://takedapro.com.br/sites/default/files/2023-09/planeta.png","image/png","200","OK","Indexable","","","64","","https://takedapro.com.br/sites/default/files/2023-09/planeta.png"
"https://takedapro.com.br/sites/default/files/2023-06/pulmao-3.png","image/png","200","OK","Indexable","","","65","","https://takedapro.com.br/sites/default/files/2023-06/pulmao-3.png"
"https://takedapro.com.br/sites/default/files/2023-06/ampulheta.png","image/png","200","OK","Indexable","","","66","","https://takedapro.com.br/sites/default/files/2023-06/ampulheta.png"
"https://takedapro.com.br/sites/default/files/2023-06/cigarro-cortado.png","image/png","200","OK","Indexable","","","72","","https://takedapro.com.br/sites/default/files/2023-06/cigarro-cortado.png"
"https://takedapro.com.br/sites/default/files/2023-06/pulmao-2.png","image/png","200","OK","Indexable","","","65","","https://takedapro.com.br/sites/default/files/2023-06/pulmao-2.png"
"https://takedapro.com.br/themes/custom/takedapro/assets/img/consulta-publica/bannerdc.png","image/png","200","OK","Indexable","","","89","","https://takedapro.com.br/themes/custom/takedapro/assets/img/consulta-publica/bannerdc.png"
"https://takedapro.com.br/sites/default/files/2023-06/asia.png","image/png","200","OK","Indexable","","","61","","https://takedapro.com.br/sites/default/files/2023-06/asia.png"
"https://takedapro.com.br/sites/default/files/2023-06/molecula.png","image/png","200","OK","Indexable","","","65","","https://takedapro.com.br/sites/default/files/2023-06/molecula.png"
"https://takedapro.com.br/sites/default/files/2023-06/banner-alk.png","image/png","200","OK","Indexable","","","67","","https://takedapro.com.br/sites/default/files/2023-06/banner-alk.png"
"https://takedapro.com.br/sites/default/files/2023-06/mapa_0.png","image/png","200","OK","Indexable","","","63","","https://takedapro.com.br/sites/default/files/2023-06/mapa_0.png"
"https://takedapro.com.br/sites/default/files/2023-06/gene.png","image/png","200","OK","Indexable","","","61","","https://takedapro.com.br/sites/default/files/2023-06/gene.png"
"https://takedapro.com.br/sites/default/files/2023-06/molecula-dna.png","image/png","200","OK","Indexable","","","69","","https://takedapro.com.br/sites/default/files/2023-06/molecula-dna.png"
"https://takedapro.com.br/sites/default/files/2023-06/quimicos.png","image/png","200","OK","Indexable","","","65","","https://takedapro.com.br/sites/default/files/2023-06/quimicos.png"
"https://takedapro.com.br/sites/default/files/2023-06/tubos.png","image/png","200","OK","Indexable","","","62","","https://takedapro.com.br/sites/default/files/2023-06/tubos.png"
"https://takedapro.com.br/sites/default/files/2023-06/mulheres.png","image/png","200","OK","Indexable","","","65","","https://takedapro.com.br/sites/default/files/2023-06/mulheres.png"
"https://takedapro.com.br/sites/default/files/2023-06/terapia.png","image/png","200","OK","Indexable","","","64","","https://takedapro.com.br/sites/default/files/2023-06/terapia.png"
"https://takedapro.com.br/sites/default/files/2023-06/pulmao-4.png","image/png","200","OK","Indexable","","","65","","https://takedapro.com.br/sites/default/files/2023-06/pulmao-4.png"
"https://takedapro.com.br/sites/default/files/2023-06/banner-mutacoes.png","image/png","200","OK","Indexable","","","72","","https://takedapro.com.br/sites/default/files/2023-06/banner-mutacoes.png"
"https://takedapro.com.br/sites/default/files/2023-06/cigarro.png","image/png","200","OK","Indexable","","","64","","https://takedapro.com.br/sites/default/files/2023-06/cigarro.png"
"https://takedapro.com.br/sites/default/files/2023-06/mutacao.png","image/png","200","OK","Indexable","","","64","","https://takedapro.com.br/sites/default/files/2023-06/mutacao.png"
"https://takedapro.com.br/sites/default/files/2023-06/banner-cenario.png","image/png","200","OK","Indexable","","","71","","https://takedapro.com.br/sites/default/files/2023-06/banner-cenario.png"
"https://takedapro.com.br/sites/default/files/2023-06/radiacao.png","image/png","200","OK","Indexable","","","65","","https://takedapro.com.br/sites/default/files/2023-06/radiacao.png"
"https://takedapro.com.br/sites/default/files/2023-06/homem.png","image/png","200","OK","Indexable","","","62","","https://takedapro.com.br/sites/default/files/2023-06/homem.png"
"https://takedapro.com.br/sites/default/files/2023-06/pulmao-5.png","image/png","200","OK","Indexable","","","65","","https://takedapro.com.br/sites/default/files/2023-06/pulmao-5.png"
"https://takedapro.com.br/sites/default/files/2023-06/nao-fumantes.png","image/png","200","OK","Indexable","","","69","","https://takedapro.com.br/sites/default/files/2023-06/nao-fumantes.png"
"https://takedapro.com.br/sites/default/files/2023-06/fator-dna.png","image/png","200","OK","Indexable","","","66","","https://takedapro.com.br/sites/default/files/2023-06/fator-dna.png"
"https://takedapro.com.br/sites/default/files/2023-06/banner-cancer.png","image/png","200","OK","Indexable","","","70","","https://takedapro.com.br/sites/default/files/2023-06/banner-cancer.png"
"https://takedapro.com.br/sites/default/files/2023-06/gene-mutado.png","image/png","200","OK","Indexable","","","68","","https://takedapro.com.br/sites/default/files/2023-06/gene-mutado.png"
"https://takedapro.com.br/sites/default/files/2023-06/mulher.png","image/png","200","OK","Indexable","","","63","","https://takedapro.com.br/sites/default/files/2023-06/mulher.png"
"https://takedapro.com.br/sites/default/files/2023-06/pulmao-1.png","image/png","200","OK","Indexable","","","65","","https://takedapro.com.br/sites/default/files/2023-06/pulmao-1.png"
"https://takedapro.com.br/sites/default/files/2023-06/dna.png","image/png","200","OK","Indexable","","","60","","https://takedapro.com.br/sites/default/files/2023-06/dna.png"
"https://takedapro.com.br/sites/default/files/2023-06/prognostico.png","image/png","200","OK","Indexable","","","68","","https://takedapro.com.br/sites/default/files/2023-06/prognostico.png"
"https://takedapro.com.br/user/login?destination=/ninlaro","","0","Blocked by robots.txt","Non-Indexable","Blocked by robots.txt","","56","","https://takedapro.com.br/user/login?destination=/ninlaro"
"https://takedapro.com.br/sites/default/files/2023-06/quimio.png","image/png","200","OK","Indexable","","","63","","https://takedapro.com.br/sites/default/files/2023-06/quimio.png"
"https://takedapro.com.br/themes/custom/takedapro/assets/img/linfomas/tratamento.png","image/png","200","OK","Indexable","","","83","","https://takedapro.com.br/themes/custom/takedapro/assets/img/linfomas/tratamento.png"
"https://takedapro.com.br/themes/custom/takedapro/assets/img/linfomas/incone-linfomas.png","image/png","200","OK","Indexable","","","88","","https://takedapro.com.br/themes/custom/takedapro/assets/img/linfomas/incone-linfomas.png"
"https://takedapro.com.br/sites/default/files/2023-06/pacientes.png","image/png","200","OK","Indexable","","","66","","https://takedapro.com.br/sites/default/files/2023-06/pacientes.png"
"https://takedapro.com.br/themes/custom/takedapro/assets/img/linfomas/10-casos.png","image/png","200","OK","Indexable","","","81","","https://takedapro.com.br/themes/custom/takedapro/assets/img/linfomas/10-casos.png"
"https://takedapro.com.br/themes/custom/takedapro/assets/img/linfomas/mapa.png","image/png","200","OK","Indexable","","","77","","https://takedapro.com.br/themes/custom/takedapro/assets/img/linfomas/mapa.png"
"https://takedapro.com.br/themes/custom/takedapro/assets/img/linfomas/estagio-3.png","image/png","200","OK","Indexable","","","82","","https://takedapro.com.br/themes/custom/takedapro/assets/img/linfomas/estagio-3.png"
"https://takedapro.com.br/themes/custom/takedapro/assets/img/linfomas/estagio-4.png","image/png","200","OK","Indexable","","","82","","https://takedapro.com.br/themes/custom/takedapro/assets/img/linfomas/estagio-4.png"
"https://takedapro.com.br/themes/custom/takedapro/assets/img/linfomas/estagio-2.png","image/png","200","OK","Indexable","","","82","","https://takedapro.com.br/themes/custom/takedapro/assets/img/linfomas/estagio-2.png"
"https://takedapro.com.br/sites/default/files/2024-09/banner_linfomas_0.jpg","image/jpeg","200","OK","Indexable","","","74","","https://takedapro.com.br/sites/default/files/2024-09/banner_linfomas_0.jpg"
"https://takedapro.com.br/themes/custom/takedapro/assets/img/linfomas/24-casos.png","image/png","200","OK","Indexable","","","81","","https://takedapro.com.br/themes/custom/takedapro/assets/img/linfomas/24-casos.png"
"https://takedapro.com.br/themes/custom/takedapro/assets/img/linfomas/incidencia.png","image/png","200","OK","Indexable","","","83","","https://takedapro.com.br/themes/custom/takedapro/assets/img/linfomas/incidencia.png"
"https://takedapro.com.br/themes/custom/takedapro/assets/img/linfomas/terminologia.png","image/png","200","OK","Indexable","","","85","","https://takedapro.com.br/themes/custom/takedapro/assets/img/linfomas/terminologia.png"
"https://takedapro.com.br/user/login?destination=/entyvio-rcu","","0","Blocked by robots.txt","Non-Indexable","Blocked by robots.txt","","60","","https://takedapro.com.br/user/login?destination=/entyvio-rcu"
"https://takedapro.com.br/user/login?destination=/qdenga","","0","Blocked by robots.txt","Non-Indexable","Blocked by robots.txt","","55","","https://takedapro.com.br/user/login?destination=/qdenga"
"https://takedapro.com.br/user/login?destination=/dexilant","","0","Blocked by robots.txt","Non-Indexable","Blocked by robots.txt","","57","","https://takedapro.com.br/user/login?destination=/dexilant"
"https://takedapro.com.br/user/login?destination=/entyvio-dc","","0","Blocked by robots.txt","Non-Indexable","Blocked by robots.txt","","59","","https://takedapro.com.br/user/login?destination=/entyvio-dc"
"https://takedapro.com.br/user/login?destination=/feiba","","0","Blocked by robots.txt","Non-Indexable","Blocked by robots.txt","","54","","https://takedapro.com.br/user/login?destination=/feiba"
"https://takedapro.com.br/user/login?destination=/endobulin-kiovig","","0","Blocked by robots.txt","Non-Indexable","Blocked by robots.txt","","65","","https://takedapro.com.br/user/login?destination=/endobulin-kiovig"
"https://takedapro.com.br/user/login?destination=/hyqvia","","0","Blocked by robots.txt","Non-Indexable","Blocked by robots.txt","","55","","https://takedapro.com.br/user/login?destination=/hyqvia"
"https://takedapro.com.br/user/login?destination=/inzelm","","0","Blocked by robots.txt","Non-Indexable","Blocked by robots.txt","","55","","https://takedapro.com.br/user/login?destination=/inzelm"
"https://takedapro.com.br/user/login?destination=/firazyr","","0","Blocked by robots.txt","Non-Indexable","Blocked by robots.txt","","56","","https://takedapro.com.br/user/login?destination=/firazyr"
"https://takedapro.com.br/user/login?destination=/adcetris","","0","Blocked by robots.txt","Non-Indexable","Blocked by robots.txt","","57","","https://takedapro.com.br/user/login?destination=/adcetris"
"https://takedapro.com.br/user/login?destination=/takhzyro","","0","Blocked by robots.txt","Non-Indexable","Blocked by robots.txt","","57","","https://takedapro.com.br/user/login?destination=/takhzyro"
"https://takedapro.com.br/user/login?destination=/advate","","0","Blocked by robots.txt","Non-Indexable","Blocked by robots.txt","","55","","https://takedapro.com.br/user/login?destination=/advate"
"https://takedapro.com.br/user/login?destination=/prothromplex","","0","Blocked by robots.txt","Non-Indexable","Blocked by robots.txt","","61","","https://takedapro.com.br/user/login?destination=/prothromplex"
"https://takedapro.com.br/user/login?destination=/adynovate","","0","Blocked by robots.txt","Non-Indexable","Blocked by robots.txt","","58","","https://takedapro.com.br/user/login?destination=/adynovate"
"https://takedapro.com.br/user/login?destination=/evobrig","","0","Blocked by robots.txt","Non-Indexable","Blocked by robots.txt","","56","","https://takedapro.com.br/user/login?destination=/evobrig"
"https://takedapro.com.br/themes/custom/takedapro/assets/img/linfomas/estagio-1.png","image/png","200","OK","Indexable","","","82","","https://takedapro.com.br/themes/custom/takedapro/assets/img/linfomas/estagio-1.png"
"https://takedapro.com.br/oncologia/cancer-de-pulmão","text/html; charset=UTF-8","200","OK","Indexable","","83f2993014217980bfec09e506068f37","51","https://takedapro.com.br/oncologia/cancer-de-pulmão","https://takedapro.com.br/oncologia/cancer-de-pulm%C3%A3o"
